{"cameraMode":{"drawMode":0,"name":"Shaded","section":"Shading Mode"},"sceneLighting":false,"audioPlay":false,"sceneViewState":{"m_AlwaysRefresh":false,"showFog":true,"showSkybox":false,"showFlares":true,"showImageEffects":true,"showParticleSystems":true,"showVisualEffectGraphs":true,"m_FxEnabled":true},"in2DMode":false,"pivot":{"x":3.1855950355529787,"y":17.36732292175293,"z":7.879877090454102},"rotation":{"x":0.057865068316459659,"y":0.0059905205853283409,"z":-0.0003447022754698992,"w":0.9983123540878296},"size":6.168262004852295,"orthographic":true}