{"cameraMode":{"drawMode":0,"name":"Shaded","section":"Shading Mode"},"sceneLighting":true,"audioPlay":false,"sceneViewState":{"m_AlwaysRefresh":false,"showFog":true,"showSkybox":true,"showFlares":true,"showImageEffects":true,"showParticleSystems":true,"showVisualEffectGraphs":true,"m_FxEnabled":true},"in2DMode":false,"pivot":{"x":17.774585723876954,"y":45.19063949584961,"z":64.21090698242188},"rotation":{"x":0.32475584745407107,"y":0.15370289981365205,"z":-0.053575873374938968,"w":0.9316873550415039},"size":168.2516632080078,"orthographic":true}