{"cameraMode":{"drawMode":0,"name":"Shaded","section":"Shading Mode"},"sceneLighting":true,"audioPlay":false,"sceneViewState":{"m_AlwaysRefresh":false,"showFog":true,"showSkybox":true,"showFlares":true,"showImageEffects":true,"showParticleSystems":true,"showVisualEffectGraphs":true,"m_FxEnabled":true},"in2DMode":false,"pivot":{"x":-5.505459785461426,"y":13.624942779541016,"z":4.651519775390625},"rotation":{"x":-0.030298128724098207,"y":-0.9696410894393921,"z":0.17734478414058686,"w":-0.16565008461475373},"size":43.370140075683597,"orthographic":true}