{"cameraMode":{"drawMode":0,"name":"Shaded","section":"Shading Mode"},"sceneLighting":true,"audioPlay":false,"sceneViewState":{"m_AlwaysRefresh":false,"showFog":true,"showSkybox":true,"showFlares":true,"showImageEffects":true,"showParticleSystems":true,"showVisualEffectGraphs":true,"m_FxEnabled":true},"in2DMode":false,"pivot":{"x":-7.571044445037842,"y":19.06999969482422,"z":6.895214080810547},"rotation":{"x":0.057865068316459659,"y":0.0059905205853283409,"z":-0.0003447022754698992,"w":0.9983123540878296},"size":25.629016876220704,"orthographic":true}