{"cameraMode":{"drawMode":0,"name":"Shaded","section":"Shading Mode"},"sceneLighting":true,"audioPlay":false,"sceneViewState":{"m_AlwaysRefresh":false,"showFog":true,"showSkybox":true,"showFlares":true,"showImageEffects":true,"showParticleSystems":true,"showVisualEffectGraphs":true,"m_FxEnabled":true},"in2DMode":false,"pivot":{"x":-5.505459785461426,"y":13.624942779541016,"z":4.651519775390625},"rotation":{"x":0.2428985983133316,"y":-0.20900622010231019,"z":0.05368219316005707,"w":0.9457523226737976},"size":30.930837631225587,"orthographic":true}